{
	"partitions" : [
		{
			"name" : "Top",
			"pins" : [
				{
					"name" : "VGA_HS",
					"strict" : false
				},
				{
					"name" : "VGA_VS",
					"strict" : false
				},
				{
					"name" : "VGA_R[0]",
					"strict" : false
				},
				{
					"name" : "VGA_R[1]",
					"strict" : false
				},
				{
					"name" : "VGA_R[2]",
					"strict" : false
				},
				{
					"name" : "VGA_R[3]",
					"strict" : false
				},
				{
					"name" : "VGA_R[4]",
					"strict" : false
				},
				{
					"name" : "VGA_R[5]",
					"strict" : false
				},
				{
					"name" : "VGA_R[6]",
					"strict" : false
				},
				{
					"name" : "VGA_R[7]",
					"strict" : false
				},
				{
					"name" : "VGA_B[0]",
					"strict" : false
				},
				{
					"name" : "VGA_B[1]",
					"strict" : false
				},
				{
					"name" : "VGA_B[2]",
					"strict" : false
				},
				{
					"name" : "VGA_B[3]",
					"strict" : false
				},
				{
					"name" : "VGA_B[4]",
					"strict" : false
				},
				{
					"name" : "VGA_B[5]",
					"strict" : false
				},
				{
					"name" : "VGA_B[6]",
					"strict" : false
				},
				{
					"name" : "VGA_B[7]",
					"strict" : false
				},
				{
					"name" : "VGA_G[0]",
					"strict" : false
				},
				{
					"name" : "VGA_G[1]",
					"strict" : false
				},
				{
					"name" : "VGA_G[2]",
					"strict" : false
				},
				{
					"name" : "VGA_G[3]",
					"strict" : false
				},
				{
					"name" : "VGA_G[4]",
					"strict" : false
				},
				{
					"name" : "VGA_G[5]",
					"strict" : false
				},
				{
					"name" : "VGA_G[6]",
					"strict" : false
				},
				{
					"name" : "VGA_G[7]",
					"strict" : false
				},
				{
					"name" : "hex7[6]",
					"strict" : false
				},
				{
					"name" : "hex7[5]",
					"strict" : false
				},
				{
					"name" : "hex7[4]",
					"strict" : false
				},
				{
					"name" : "hex7[3]",
					"strict" : false
				},
				{
					"name" : "hex7[2]",
					"strict" : false
				},
				{
					"name" : "hex7[1]",
					"strict" : false
				},
				{
					"name" : "hex7[0]",
					"strict" : false
				},
				{
					"name" : "hex6[6]",
					"strict" : false
				},
				{
					"name" : "hex6[5]",
					"strict" : false
				},
				{
					"name" : "hex6[4]",
					"strict" : false
				},
				{
					"name" : "hex6[3]",
					"strict" : false
				},
				{
					"name" : "hex6[2]",
					"strict" : false
				},
				{
					"name" : "hex6[1]",
					"strict" : false
				},
				{
					"name" : "hex6[0]",
					"strict" : false
				},
				{
					"name" : "lcd[0]",
					"strict" : false
				},
				{
					"name" : "lcd[1]",
					"strict" : false
				},
				{
					"name" : "lcd[2]",
					"strict" : false
				},
				{
					"name" : "lcd[3]",
					"strict" : false
				},
				{
					"name" : "lcd[4]",
					"strict" : false
				},
				{
					"name" : "lcd[5]",
					"strict" : false
				},
				{
					"name" : "lcd[6]",
					"strict" : false
				},
				{
					"name" : "lcd[7]",
					"strict" : false
				},
				{
					"name" : "enviar",
					"strict" : false
				},
				{
					"name" : "rs",
					"strict" : false
				},
				{
					"name" : "led[0]",
					"strict" : false
				},
				{
					"name" : "led[1]",
					"strict" : false
				},
				{
					"name" : "led[2]",
					"strict" : false
				},
				{
					"name" : "led[3]",
					"strict" : false
				},
				{
					"name" : "led[4]",
					"strict" : false
				},
				{
					"name" : "led[5]",
					"strict" : false
				},
				{
					"name" : "led[6]",
					"strict" : false
				},
				{
					"name" : "led[7]",
					"strict" : false
				},
				{
					"name" : "CLOCK_24",
					"strict" : false
				},
				{
					"name" : "ps2_clock",
					"strict" : false
				},
				{
					"name" : "ps2_input",
					"strict" : false
				}
			]
		}
	]
}